Address,Price
"100 W 57th St APT 5R, New York, NY 10019","173,000"
"303 E 57th St APT 28B, New York, NY 10022","300,000"
"100 W 57th St #19M, New York, NY 10019","109,000"
"303 E 57th St APT 32B, New York, NY 10022","329,000"
"303 E 57th St #37DE, New York, NY 10022","495,000"
"303 E 57th St APT 6L, New York, NY 10022","375,000"
"12 E 63rd St, New York, NY 10065","61,000,000"
"432 Park Ave #PENTHOUSE, New York, NY 10022","169,000,000"
"206 E 7th St #19/20, New York, NY 10009","950,000"
"77 Perry St APT 4B, New York, NY 10014","595,000"
"30 E 29th St PENTHOUSE C, New York, NY 10016","20,000,000"
"555 Main St APT 603, New York, NY 10044","635,000"
"181 E 101st St #207, New York, NY 10029","840,000"
"142 Watts St, New York, NY 10013","28,500,000"
"100 W 15th St APT 3A, New York, NY 10011","535,000"
"77 Bleecker St APT 206, New York, NY 10012","450,000"
"201 E 15th St APT 3E, New York, NY 10003","395,000"
"350 E 82nd St APT 14A, New York, NY 10028","4,500,000"
"118 Wooster St #4C5C, New York, NY 10012","4,950,000"
"120 W 87th St, New York, NY 10024","7,995,000"
"45 W 70th St, New York, NY 10023","18,700,000"
"7 Sutton Sq, New York, NY 10022","29,500,000"
"151 E 58th St PENTHOUSE 50, New York, NY 10022","58,500,000"
"781 5th Ave FLOOR 18, New York, NY 10022","55,000,000"
"1867 7th Ave #2A, New York, NY 10026","244,900"
"217 W Broadway, New York, NY 10013","45,000,000"
"240 E 35th St APT 1J, New York, NY 10016","425,000"
"310 W 79th St APT 6W, New York, NY 10024","1,850,000"
"240 Park Ave S, New York, NY 10003","25,000,000"
"308 E 73rd St APT 3B, New York, NY 10021","500,000"
"7 W 92nd St APT 56, New York, NY 10025","635,000"
"151 E 58th St PENTHOUSE 53W, New York, NY 10022","17,000,000"
"102 W 80th St APT 85, New York, NY 10024","430,000"
"11 E 68th St PENTHOUSE W, New York, NY 10065","35,000,000"
"420 E 51st St APT 3D, New York, NY 10022","425,000"
"260 W 132nd St, New York, NY 10027","3,350,000"
"111 E 81st St, New York, NY 10028","13,250,000"
"443 Greenwich St PENTHOUSE D, New York, NY 10013","27,500,000"
"171 W 73rd St APT 5, New York, NY 10023","545,000"
"1901 Madison Ave APT 404, New York, NY 10035","390,000"
"123 E 71st St, New York, NY 10021","16,375,000"
"500 W 25th St FLOOR 2, New York, NY 10001","4,000,000"
"40 E 80th St #17/18B, New York, NY 10075","1,700,000"
"40 Broad St PENTHOUSE 5A, New York, NY 10004","8,995,000"
"109 W 77th St, New York, NY 10024","6,950,000"
"230 W 105th St APT 14F, New York, NY 10025","250,000"
"14 E 4th St ROOM 1125, New York, NY 10012","2,595,000"
"153 E 57th St APT 5E, New York, NY 10022","395,000"
"268 E 4th St APT 5CD, New York, NY 10009","699,000"
"205 E 63rd St APT 3H, New York, NY 10065","235,000"
"188 Sullivan St, New York, NY 10012","8,500,000"
"325 5th Ave PH 43A, New York, NY 10016","11,250,000"
"62 Wooster St #4, New York, NY 10013","14,950,000"
"108 Leonard St APT 7N, New York, NY 10013","6,000,000"
"10 W 130th St, New York, NY 10037","3,995,000"
"115 Central Park W, New York, NY 10023","25,000,000"
"315 E 77th St APT 2G, New York, NY 10075","427,500"
"56 W 82nd St #PARLOR6, New York, NY 10024","925,000"
"269 W 87th St #4B, New York, NY 10024","2,600,000"
"244 E 90th St APT 2C, New York, NY 10128","320,000"
"41 Great Jones St #4, New York, NY 10012","22,850,000"
"111 E 75th St APT 7C, New York, NY 10021","625,000"
"303 E 57th St APT 7E, New York, NY 10022","299,000"
"67 Perry St APT 3, New York, NY 10014","2,995,000"
"1016 5th Ave #2ABC, New York, NY 10028","37,000,000"
"59 E 72nd St #2AB, New York, NY 10021","1,324,000"
"205 W 57th St #11BDE, New York, NY 10019","975,000"
"138 E 36th St APT 1B, New York, NY 10016","389,000"
"100 11th Ave PENTHOUSE A, New York, NY 10011","25,000,000"
"357 W 30th St #5/6, New York, NY 10001","1,100,000"
"250 E 49th St APT 6, New York, NY 10017","6,000,000"
"52 E 66th St #1, New York, NY 10065","24,800,000"
"134 W 113th St APT 4F, New York, NY 10026","225,000"
"303 W 122nd St APT 67, New York, NY 10027","499,500"
"60 E 83rd St, New York, NY 10028","23,000,000"
"88 E 3rd St APT 7, New York, NY 10003","459,000"
"35 W 20th St FLOOR 3, New York, NY 10011","2,295,000"
"575 Park Ave APT 1203, New York, NY 10065","345,000"
"327 E 22nd St #PENTHOUSE, New York, NY 10010","5,184,000"
"25 Columbus Cir #75CE, New York, NY 10019","39,999,999"
"165 E 94th St, New York, NY 10128","8,795,000"
"200 E 24th St APT 301, New York, NY 10010","350,000"
"357 E 62nd St, New York, NY 10065","3,975,000"
"53 Downing St APT 1, New York, NY 10014","15,700,000"
"303 E 57th St APT 19G, New York, NY 10022","650,000"
"225 E 79th St APT 14A, New York, NY 10075","485,000"
"280 Rector Pl APT 6D, New York, NY 10280","575,000"
"159 E 61st St, New York, NY 10065","17,900,000"
"343 E 18th St, New York, NY 10003","9,995,000"
"524 E 72nd St APT 42C, New York, NY 10021","2,150,000"
"744 Greenwich St APT 1, New York, NY 10014","10,750,000"
"100 Beekman St APT 18A, New York, NY 10038","579,900"
"114 E 90th St APT 1A, New York, NY 10128","649,000"
"337 W 20th St APT 4M, New York, NY 10011","1,200,000"
"550 Grand St APT H2D, New York, NY 10002","600,000"
"432 Park Ave APT 52C, New York, NY 10022","20,150,000"
"157 W 123rd St #4D, New York, NY 10027","299,000"
"3692 Broadway APT 62, New York, NY 10031","395,000"
"55 Liberty St, New York, NY 10005","1,885,000"
"360 E 88th St APT 6C, New York, NY 10128","895,000"
"280 Rector Pl APT 5O, New York, NY 10280","545,000"
"Three Bedroom Residence Plan, 200 Amsterdam","4,450,000+"
"832 Broadway APT 4, New York, NY 10003","5,000,000"
"420 E 51st St APT 14E, New York, NY 10022","530,000"
"177 E 93rd St APT 2C, New York, NY 10128","499,000"
"209 W 118th St APT 2D, New York, NY 10026","289,000"
"440 Riverside Dr #F, New York, NY 10027","425,000"
"205 E 63rd St APT 10H, New York, NY 10065","299,000"
"52 E End Ave APT 8A, New York, NY 10028","949,000"
"3 Gramercy Park, New York, NY 10003","4,999,999"
"15 Hudson PENTHOUSE 85D, New York, NY 10001","8,995,000"
"102 E 22nd St APT 3I, New York, NY 10010","755,000"
"256 W 75th St, New York, NY 10023","5,500,000"
"45 W 110th St APT 2B, New York, NY 10026","899,000"
"106 W 117th St APT 2E, New York, NY 10026","619,000"
"350 Bleecker St APT LB, New York, NY 10014","1,200,000"
"788 9th Ave APT 5B, New York, NY 10019","795,000"
"50 West St PENTHOUSE B58, New York, NY 10006","14,495,000"
"120 Manhattan Ave APT 4A, New York, NY 10025","1,295,000"
"205 3rd Ave APT 8M, New York, NY 10003","699,000"
"236 E 78th St APT 5D, New York, NY 10075","349,000"
"1486 5th Ave APT 3N, New York, NY 10035","265,000"
"134 W 82nd St APT 3C, New York, NY 10024","629,000"
"100 W 119th St PENTHOUSE A, New York, NY 10026","1,975,000"
"155 E 76th St #10HJ, New York, NY 10021","3,200,000"
"108 W 69th St APT 10, New York, NY 10023","1,150,000"
"457 W 57th St #1116, New York, NY 10019","399,000"
"445 Lafayette St APT 5B, New York, NY 10003","2,845,000"
"142 E End Ave, New York, NY 10028","7,500,000"
"152 E 63rd St #1/2, New York, NY 10065","9,999,999"
"111 W 57th St #68, New York, NY 10019","30,000,000"
"53 Stanton St #6B, New York, NY 10002","399,999"
"50 Avenue A APT 6B, New York, NY 10009","1,795,000"
"350 E 82nd St APT 2J, New York, NY 10028","1,225,000"
"585 W 214th St APT 1A, New York, NY 10034","250,000"
"323 E 21st St APT 2M, New York, NY 10010","449,000"
"312 W 90th St, New York, NY 10024","4,150,000"
"210 E 21st St APT 4B, New York, NY 10010","325,000"
"148 W 23rd St APT 11A, New York, NY 10011","1,350,000"
"250 E 49th St #19A, New York, NY 10017","949,000"
"293 Lafayette St PENTHOUSE V, New York, NY 10012","23,500,000"
"210 W 122nd St #1, New York, NY 10027","4,350,000"
"45 Tudor City Pl APT 402, New York, NY 10017","265,000"
"106 Central Park S #21AE, New York, NY 10019","28,000,000"
"39 E 12th St APT 701, New York, NY 10003","760,000"
"229 W 144th St APT 24, New York, NY 10030","310,000"
"152 E 118th St APT 4A, New York, NY 10035","375,000"
"130 Lenox Ave APT 206, New York, NY 10026","545,000"
"415 E 85th St #12, New York, NY 10028","575,000"
"17 Hubert St, New York, NY 10013","4,550,000"
"12 E 132nd St APT 4B, New York, NY 10037","315,000"
"70 Charlton St APT 16E, New York, NY 10014","4,900,000"
"1 Morton Sq #PHAE, New York, NY 10014","12,995,000"
"421 Hudson St APT 716, New York, NY 10014","1,750,000"
"250 W 90th St APT 5A, New York, NY 10024","1,695,000"
"120 E 36th St APT 2F, New York, NY 10016","525,000"
"621 E 6th St APT 6, New York, NY 10009","700,000"
"2440 Amsterdam Ave APT 3J, New York, NY 10033","310,000"
"175 W 93rd St APT 10F, New York, NY 10025","1,135,000"
"246 Spring St #1503, New York, NY 10013","480,000"
"350 W 42nd St APT 41G, New York, NY 10036","1,895,000"
"127 E 62nd St, New York, NY 10065","13,500,000"
"330 E 49th St APT 8G, New York, NY 10017","475,000"
"179 E 94th St #1, New York, NY 10128","4,795,000"
"740 Park Ave PH 17/18D, New York, NY 10021","29,950,000"
"2166 Broadway APT 22B, New York, NY 10024","650,000"
"353 W 56th St #4LM, New York, NY 10019","1,599,000"
"2109 Broadway APT 1231, New York, NY 10023","1,100,000"
"225 W 86th St APT 1001, New York, NY 10024","11,995,000"
"269 W 87th St #10C, New York, NY 10024","2,220,000"
"207 E 21st St APT 5A, New York, NY 10010","499,000"
"29 W 119th St #27, New York, NY 10026","450,000"
"18 E 63rd St APT 9, New York, NY 10065","499,000"
"303 W 66th St APT 11EE, New York, NY 10023","1,695,000"
"399 E 78th St APT 1A, New York, NY 10075","350,000"
"2134 2nd Ave APT 5D, New York, NY 10029","549,900"
"561 Broadway APT 11A, New York, NY 10012","4,500,000"
"11 5th Ave #14A, New York, NY 10003","1,950,000"
"453 W 140th St, New York, NY 10031","2,000,000"
"161 W 61st St APT 11E, New York, NY 10023","1,000,000"
"100 W 57th St APT 5R, New York, NY 10019","173,000"
"303 E 57th St APT 28B, New York, NY 10022","300,000"
"100 W 57th St #19M, New York, NY 10019","109,000"
"303 E 57th St APT 32B, New York, NY 10022","329,000"
"303 E 57th St #37DE, New York, NY 10022","495,000"
"303 E 57th St APT 6L, New York, NY 10022","375,000"
"12 E 63rd St, New York, NY 10065","61,000,000"
"432 Park Ave #PENTHOUSE, New York, NY 10022","169,000,000"
"206 E 7th St #19/20, New York, NY 10009","950,000"
"100 W 57th St APT 5R, New York, NY 10019","173,000"
"303 E 57th St APT 28B, New York, NY 10022","300,000"
"100 W 57th St #19M, New York, NY 10019","109,000"
"303 E 57th St APT 32B, New York, NY 10022","329,000"
"303 E 57th St #37DE, New York, NY 10022","495,000"
"303 E 57th St APT 6L, New York, NY 10022","375,000"
"12 E 63rd St, New York, NY 10065","61,000,000"
"432 Park Ave #PENTHOUSE, New York, NY 10022","169,000,000"
"206 E 7th St #19/20, New York, NY 10009","950,000"
"100 W 57th St APT 5R, New York, NY 10019","173,000"
"303 E 57th St APT 28B, New York, NY 10022","300,000"
"100 W 57th St #19M, New York, NY 10019","109,000"
"303 E 57th St APT 32B, New York, NY 10022","329,000"
"303 E 57th St #37DE, New York, NY 10022","495,000"
"303 E 57th St APT 6L, New York, NY 10022","375,000"
"12 E 63rd St, New York, NY 10065","61,000,000"
"432 Park Ave #PENTHOUSE, New York, NY 10022","169,000,000"
"206 E 7th St #19/20, New York, NY 10009","950,000"
"100 W 57th St APT 5R, New York, NY 10019","173,000"
"303 E 57th St APT 28B, New York, NY 10022","300,000"
"100 W 57th St #19M, New York, NY 10019","109,000"
"303 E 57th St APT 32B, New York, NY 10022","329,000"
"303 E 57th St #37DE, New York, NY 10022","495,000"
"303 E 57th St APT 6L, New York, NY 10022","375,000"
"12 E 63rd St, New York, NY 10065","61,000,000"
"432 Park Ave #PENTHOUSE, New York, NY 10022","169,000,000"
"206 E 7th St #19/20, New York, NY 10009","950,000"
"100 W 57th St APT 5R, New York, NY 10019","173,000"
"303 E 57th St APT 28B, New York, NY 10022","300,000"
"100 W 57th St #19M, New York, NY 10019","109,000"
"303 E 57th St APT 32B, New York, NY 10022","329,000"
"303 E 57th St #37DE, New York, NY 10022","495,000"
"303 E 57th St APT 6L, New York, NY 10022","375,000"
"12 E 63rd St, New York, NY 10065","61,000,000"
"432 Park Ave #PENTHOUSE, New York, NY 10022","169,000,000"
"206 E 7th St #19/20, New York, NY 10009","950,000"
"709 E 51st St, Brooklyn, NY 11203","899,000"
"13 Nova Ct, Brooklyn, NY 11229","699,000"
"440 Van Brunt St, Brooklyn, NY 11231","13,995,000"
"1520 Bedford Ave APT 4A, Brooklyn, NY 11216","699,000"
"1105 Winthrop St, Brooklyn, NY 11212","400,000"
"974 E 43rd St, Brooklyn, NY 11210","550,000"
"447 Humboldt St PENTHOUSE A, Brooklyn, NY 11211","1,350,000"
"97 S 8th St APT 22, Brooklyn, NY 11249","325,000"
"57 Wyckoff St, Brooklyn, NY 11201","12,500,000"
"278 Nassau Ave APT 3A, Brooklyn, NY 11222","949,000"
"2875 W 32nd St, Brooklyn, NY 11224","654,000"
"427 15th St APT 4B, Brooklyn, NY 11215","829,000"
"422 Avenue W, Brooklyn, NY 11223","1,100,000"
"55 Montgomery Pl APT 4F, Brooklyn, NY 11215","465,000"
"281 Wyona St, Brooklyn, NY 11207","479,900"
"2380 E 71st St, Brooklyn, NY 11234","859,999"
"1435 Ovington Ave, Brooklyn, NY 11219","1,399,000"
"779 Logan St, Brooklyn, NY 11208","749,000"
"1404 E 104th St, Brooklyn, NY 11236","650,000"
"201 E 96th St, Brooklyn, NY 11212","1,295,000"
"9801 Shore Rd APT AA, Brooklyn, NY 11209","295,000"
"9007 Avenue L, Brooklyn, NY 11236","638,000"
"871 50th St, Brooklyn, NY 11220","56,900"
"1457 81st St, Brooklyn, NY 11228","1,350,000"
"156 Norfolk St, Brooklyn, NY 11235","1,799,999"
"9306 Flatlands Ave, Brooklyn, NY 11236","975,000"
"3175 Emmons Ave #3C, Brooklyn, NY 11235","685,000"
"Aquasco Rd, Aquasco, MD 20608","54,900"
"2565 Flatbush Ave #C-1, Brooklyn, NY 11234","239,000"
"282 Henry St #1/2, Brooklyn, NY 11201","1,325,000"
"7002 Ridge Blvd APT A8, Brooklyn, NY 11209","299,000"
"3425 Guider Ave APT 3A, Brooklyn, NY 11235","799,000"
"2815 Ford St, Brooklyn, NY 11235","999,000"
"2631 Brown St, Brooklyn, NY 11235","999,000"
"185 Plymouth St APT PHN, Brooklyn, NY 11201","4,599,000"
"1156 81st St, Brooklyn, NY 11228","985,000"
"462 6th St APT 2D, Brooklyn, NY 11215","345,000"
"279 1st St APT 4A, Brooklyn, NY 11215","650,000"
"897 Empire Blvd #6B, Brooklyn, NY 11213","250,000"
"143 Washington Ave, Brooklyn, NY 11205","1,850,000"
"345 Bay Ridge Pkwy APT 2K, Brooklyn, NY 11209","279,000"
"198 8th Ave APT 3F, Brooklyn, NY 11215","420,000"
"69 Rugby Rd, Brooklyn, NY 11226","1,550,000"
"1147 74th St, Brooklyn, NY 11228","830,000"
"54 Orange St APT E, Brooklyn, NY 11201","425,000"
"14 Park Pl, Brooklyn, NY 11217","3,425,000"
"134 Bay 28th St, Brooklyn, NY 11214","1,999,000"
"138 Willoughby St #30G, Brooklyn, NY 11201","925,000"
"145 Columbia Hts, Brooklyn, NY 11201","11,950,000"
"5210 4th Ave, Brooklyn, NY 11220","2,200,000"
"420 64th St PENTHOUSE 4, Brooklyn, NY 11220","575,000"
"193 Sterling Pl APT 1, Brooklyn, NY 11238","960,000"
"775 Lafayette Ave APT 14A, Brooklyn, NY 11221","289,900"
"382 Prospect Pl APT 8, Brooklyn, NY 11238","699,000"
"1924 Kimball St, Brooklyn, NY 11234","720,000"
"10 E 43rd St APT 2G, Brooklyn, NY 11203","285,000"
"286 Union Ave APT 3A, Brooklyn, NY 11211","1,075,000"
"287 E 55th St, Brooklyn, NY 11203","549,999"
"312 Lewis Ave, Brooklyn, NY 11221","2,595,000"
"104 24th St #K, Brooklyn, NY 11232","729,000"
"229 9th St PENTHOUSE 7B, Brooklyn, NY 11215","1,950,000"
"195 Prospect Park W APT 3D, Brooklyn, NY 11215","550,000"
"198 21st St APT 3A, Brooklyn, NY 11232","598,000"
"399 President St, Brooklyn, NY 11231","9,975,000"
"110 Lefferts Pl, Brooklyn, NY 11238","2,795,000"
"538 9th St, Brooklyn, NY 11215","3,995,000"
"2563 E 6th St, Brooklyn, NY 11235","1,099,000"
"253 Pacific St #1, Brooklyn, NY 11201","3,295,000"
"2940 W 5th St #F6, Brooklyn, NY 11224","499,000"
"2533 Cortelyou Rd, Brooklyn, NY 11226","815,000"
"966 Brooklyn Ave, Brooklyn, NY 11203","639,900"
"1981 Rockaway Pkwy, Brooklyn, NY 11236","549,000"
"2251 Plumb #1-6F, Brooklyn, NY 11229","220,000"
"1319 E 96th St, Brooklyn, NY 11236","450,000"
"832 Monroe St #2R, Brooklyn, NY 11221","565,000"
"349 99th St, Brooklyn, NY 11209","1,050,000"
"1917 W 8th St, Brooklyn, NY 11223","880,000"
"153 Lafayette Ave APT 4, Brooklyn, NY 11238","939,000"
"1119 E 10th St, Brooklyn, NY 11230","875,000"
"1050 Hancock St APT 4C, Brooklyn, NY 11221","355,000"
"50 Wellington Ct, Brooklyn, NY 11230","1,690,000"
"479 Monroe St #4R, Brooklyn, NY 11221","649,000"
"429 Kent Ave #638, Brooklyn, NY 11249","965,000"
"575 4th Ave APT 10B, Brooklyn, NY 11215","1,975,000"
"805 Fountain Ave, Brooklyn, NY 11208","499,000"
"39 Remsen St #1EF, Brooklyn, NY 11201","899,000"
"593 E 38th St, Brooklyn, NY 11203","595,000"
"436 Etna St, Brooklyn, NY 11208","460,000"
"193 Cornelia St, Brooklyn, NY 11221","1,595,000"
"9961 Shore Rd APT 5D, Brooklyn, NY 11209","285,000"
"392 14th St APT 4B, Brooklyn, NY 11215","1,395,000"
"4024 Surf Ave, Brooklyn, NY 11224","390,000"
"289 Exeter St, Brooklyn, NY 11235","1,690,000"
"1350 E 5th St APT 2N, Brooklyn, NY 11230","199,998"
"408 Saint Johns Pl APT 5E, Brooklyn, NY 11238","850,000"
"76 Battery Ave APT 4A, Brooklyn, NY 11228","665,000"
"210 E 16th St, Brooklyn, NY 11226","185,000"
"130 77th St, Brooklyn, NY 11209","1,198,000"
"260 Linden Blvd #C1, Brooklyn, NY 11226","549,000"
"2012 Ralph Ave, Brooklyn, NY 11234","800,000"
"10222 Avenue L, Brooklyn, NY 11236","649,000"
"354 S 3rd St APT 1F, Brooklyn, NY 11211","375,000"
"104 Willow St, Brooklyn, NY 11201","13,750,000"
"96 Schermerhorn St APT 6C, Brooklyn, NY 11201","1,080,000"
"524 3rd St, Brooklyn, NY 11215","4,690,000"
"25 Quincy St #2D, Brooklyn, NY 11238","449,500"
"235 Ocean Pkwy APT 7A, Brooklyn, NY 11218","599,000"
"31 Schermerhorn St, Brooklyn, NY 11201","3,395,000"
"1259A E 59th St, Brooklyn, NY 11234","519,000"
"225 S 3rd St APT 9, Brooklyn, NY 11211","405,000"
"5749 Kings Hwy, Brooklyn, NY 11203","450,000"
"2203 E 27th St, Brooklyn, NY 11229","1,150,000"
"1905 Atlantic Ave, Brooklyn, NY 11233","399,000"
"440 Kent Ave APT 9C, Brooklyn, NY 11249","1,149,000"
"16 Remsen St, Brooklyn, NY 11201","10,900,000"
"57 Avenue O APT C6, Brooklyn, NY 11204","280,000"
"160 Lincoln Pl APT 3B, Brooklyn, NY 11217","598,000"
"328 Central Ave #1A, Brooklyn, NY 11221","575,000"
"68 Lafayette Ave, Brooklyn, NY 11217","3,499,000"
"1363-1367 Sutter Ave, Brooklyn, NY 11208","749,000"
"8316 7th Ave, Brooklyn, NY 11228","1,299,000"
"149 Clinton Ave APT 1C, Brooklyn, NY 11205","650,000"
"2212 Pitkin Ave, Brooklyn, NY 11207","649,000"
"8015 6th Ave APT D1, Brooklyn, NY 11209","369,000"
"345 Montgomery St APT 5N, Brooklyn, NY 11225","500,000"
"2622 E 24th St, Brooklyn, NY 11235","1,900,000"
"2424 Ocean Ave, Brooklyn, NY 11229","745,000"
"9031 Fort Hamilton Pkwy APT 1E, Brooklyn, NY 11209","250,000"
"712 45th St APT 3C, Brooklyn, NY 11220","535,000"
"34 Eckford St APT 1A, Brooklyn, NY 11222","1,495,000"
"2070 E 26th St, Brooklyn, NY 11229","858,000"
"399 Ocean Pkwy APT 6G, Brooklyn, NY 11218","285,000"
"4207 Atlantic Ave #1B, Brooklyn, NY 11224","995,000"
"61 Martense St APT 1B, Brooklyn, NY 11226","595,000"
"164 Sterling Pl APT 3B, Brooklyn, NY 11217","899,000"
"1902 Bay Ridge Pkwy UNIT 6, Brooklyn, NY 11204","1,295,000"
"953 President St APT 3, Brooklyn, NY 11215","1,985,000"
"269 Avenue O #2, Brooklyn, NY 11230","599,000"
"119A Marcus Garvey Blvd, Brooklyn, NY 11206","1,299,000"
"267 Bay 14 St, Brooklyn, NY 11214","1,098,000"
"968 E 57th St, Brooklyn, NY 11234","799,000"
"460 Neptune Ave APT 16J, Brooklyn, NY 11224","475,000"
"1415 E 45th St, Brooklyn, NY 11234","849,000"
"40 E 43rd St APT 4F, Brooklyn, NY 11203","270,000"
"222 Exeter St, Brooklyn, NY 11235","4,650,000"
"30 Main St #11BC, Brooklyn, NY 11201","6,888,000"
"446 Kent Ave APT 5A, Brooklyn, NY 11249","2,750,000"
"307 Autumn Ave, Brooklyn, NY 11208","799,000"
"204 Monroe St #1A, Brooklyn, NY 11216","859,000"
"4180 Ocean Ave, Brooklyn, NY 11235","4,400,000"
"223 Chauncey St, Brooklyn, NY 11233","1,425,000"
"226 Saint James Pl #2, Brooklyn, NY 11238","1,200,000"
"1890 Bergen St, Brooklyn, NY 11233","899,900"
"1940 20th Dr, Brooklyn, NY 11214","1,039,000"
"1144 E 101st St, Brooklyn, NY 11236","799,000"
"221 Roebling St, Brooklyn, NY 11211","3,350,000"
"618 Monroe St APT 403, Brooklyn, NY 11221","499,000"
"369 Harman St APT 1A, Brooklyn, NY 11237","560,000"
"2741 E 28th St #2AA, Brooklyn, NY 11235","230,000"
"1086 Sheepshead Bay Rd, Brooklyn, NY 11229","1,650,000"
"2211 Bragg St APT 6G, Brooklyn, NY 11229","229,000"
"1782 W 7th St, Brooklyn, NY 11223","828,000"
"2600 E 21st St APT 1B, Brooklyn, NY 11235","279,000"
"918 E 14th St APT C2, Brooklyn, NY 11230","235,000"
"1293 E 5th St APT 6G, Brooklyn, NY 11230","300,000"
"558 17th St, Brooklyn, NY 11215","1,850,000"
"345 Webster Ave APT 1M, Brooklyn, NY 11230","190,000"
"306 Gold St APT 10G, Brooklyn, NY 11201","1,182,000"
"442 97th St APT 2G, Brooklyn, NY 11209","869,000"
"8 Saint Marks Pl #2B, Brooklyn, NY 11217","1,369,000"
"7901 4th Ave #21B, Brooklyn, NY 11209","299,000"
"7511 Avenue X, Brooklyn, NY 11234","1,099,000"
"85 Jay St FRONT 5G, Brooklyn, NY 11201","1,215,000"
"118 8th Ave APT 10A, Brooklyn, NY 11215","1,285,000"
"35 Crown St APT 3C, Brooklyn, NY 11225","399,000"
"3235 Emmons Ave APT 426, Brooklyn, NY 11235","399,000"
"1780 E 22nd St, Brooklyn, NY 11229","1,350,000"
"730 Forbell St, Brooklyn, NY 11208","845,000"
"146 Bay 41st St, Brooklyn, NY 11214","1,150,000"
"39 Kenilworth Pl, Brooklyn, NY 11210","999,000"
"709 E 51st St, Brooklyn, NY 11203","899,000"
"13 Nova Ct, Brooklyn, NY 11229","699,000"
"440 Van Brunt St, Brooklyn, NY 11231","13,995,000"
"1520 Bedford Ave APT 4A, Brooklyn, NY 11216","699,000"
"1105 Winthrop St, Brooklyn, NY 11212","400,000"
"974 E 43rd St, Brooklyn, NY 11210","550,000"
"447 Humboldt St PENTHOUSE A, Brooklyn, NY 11211","1,350,000"
"97 S 8th St APT 22, Brooklyn, NY 11249","325,000"
"57 Wyckoff St, Brooklyn, NY 11201","12,500,000"
"709 E 51st St, Brooklyn, NY 11203","899,000"
"13 Nova Ct, Brooklyn, NY 11229","699,000"
"440 Van Brunt St, Brooklyn, NY 11231","13,995,000"
"1520 Bedford Ave APT 4A, Brooklyn, NY 11216","699,000"
"1105 Winthrop St, Brooklyn, NY 11212","400,000"
"974 E 43rd St, Brooklyn, NY 11210","550,000"
"447 Humboldt St PENTHOUSE A, Brooklyn, NY 11211","1,350,000"
"97 S 8th St APT 22, Brooklyn, NY 11249","325,000"
"57 Wyckoff St, Brooklyn, NY 11201","12,500,000"
"709 E 51st St, Brooklyn, NY 11203","899,000"
"13 Nova Ct, Brooklyn, NY 11229","699,000"
"440 Van Brunt St, Brooklyn, NY 11231","13,995,000"
"1520 Bedford Ave APT 4A, Brooklyn, NY 11216","699,000"
"1105 Winthrop St, Brooklyn, NY 11212","400,000"
"974 E 43rd St, Brooklyn, NY 11210","550,000"
"447 Humboldt St PENTHOUSE A, Brooklyn, NY 11211","1,350,000"
"97 S 8th St APT 22, Brooklyn, NY 11249","325,000"
"57 Wyckoff St, Brooklyn, NY 11201","12,500,000"
"709 E 51st St, Brooklyn, NY 11203","899,000"
"13 Nova Ct, Brooklyn, NY 11229","699,000"
"440 Van Brunt St, Brooklyn, NY 11231","13,995,000"
"1520 Bedford Ave APT 4A, Brooklyn, NY 11216","699,000"
"1105 Winthrop St, Brooklyn, NY 11212","400,000"
"974 E 43rd St, Brooklyn, NY 11210","550,000"
"447 Humboldt St PENTHOUSE A, Brooklyn, NY 11211","1,350,000"
"97 S 8th St APT 22, Brooklyn, NY 11249","325,000"
"57 Wyckoff St, Brooklyn, NY 11201","12,500,000"
"709 E 51st St, Brooklyn, NY 11203","899,000"
"13 Nova Ct, Brooklyn, NY 11229","699,000"
"440 Van Brunt St, Brooklyn, NY 11231","13,995,000"
"1520 Bedford Ave APT 4A, Brooklyn, NY 11216","699,000"
"1105 Winthrop St, Brooklyn, NY 11212","400,000"
"974 E 43rd St, Brooklyn, NY 11210","550,000"
"447 Humboldt St PENTHOUSE A, Brooklyn, NY 11211","1,350,000"
"97 S 8th St APT 22, Brooklyn, NY 11249","325,000"
"57 Wyckoff St, Brooklyn, NY 11201","12,500,000"
"2071 Homer Ave, Bronx, NY 10473","250,000"
"1383 Plimpton Ave #3A, Bronx, NY 10452","110,000"
"1230 Boston Rd APT 29, Bronx, NY 10456","100,000"
"757 E 169th St #1E, Bronx, NY 10456","65,000"
"1383 Plimpton Ave APT 2-D, Bronx, NY 10452","144,000"
"1103 Franklin Ave APT 14, Bronx, NY 10456","87,500"
"1842 Holland Ave, Bronx, NY 10462","715,000"
"2962 Lafayette Ave, Bronx, NY 10465","675,000"
"1182 Jackson Ave, Bronx, NY 10456","950,000"
"3750 Hudson Manor Ter APT 2AW, Bronx, NY 10463","388,000"
"1616 Taylor Ave, Bronx, NY 10460","519,000"
"1104 Elder Ave APT 3M, Bronx, NY 10472","82,000"
"2186 Cruger Ave APT 3B, Bronx, NY 10462","114,900"
"49B Edgewater Park Park, Bronx, NY 10465","485,000"
"1224 Mace Ave, Bronx, NY 10469","699,000"
"6200 Riverdale Ave #4K, Bronx, NY 10471","180,000"
"1922 McGraw Ave #4A, Bronx, NY 10462","155,000"
"935 E 178th St, Bronx, NY 10460","160,000"
"6056 Netherland Ave, Bronx, NY 10471","995,000"
"4035 De Reimer Ave, Bronx, NY 10466","555,900"
"864 E 215th St, Bronx, NY 10467","300,000"
"4645 Delafield Ave, Bronx, NY 10471","3,500,000"
"941 Jerome Ave APT 3B, Bronx, NY 10452","145,000"
"1373 Hollywood Ave, Bronx, NY 10461","574,999"
"2023 Belmont Ave APT 5D, Bronx, NY 10457","175,000"
"3231 Barker Ave APT 1C, Bronx, NY 10467","118,000"
"2187 Holland Ave APT 4H, Bronx, NY 10462","109,900"
"555 Kappock St APT 8C, Bronx, NY 10463","390,000"
"2191 Bolton St APT 2E, Bronx, NY 10462","100,000"
"61 W 184th St, Bronx, NY 10468","679,000"
"1002 Clarence Ave, Bronx, NY 10465","599,000"
"1611 Hammersley Ave, Bronx, NY 10469","499,000"
"412 Swinton Ave, Bronx, NY 10465","475,000"
"601 Pelham Pkwy N APT 110, Bronx, NY 10467","225,000"
"1705 Purdy St APT 6C, Bronx, NY 10462","285,000"
"3171 Fairmount Ave, Bronx, NY 10465","739,000"
"2922 Barnes Ave APT 2L, Bronx, NY 10467","139,000"
"601 Pelham Pkwy N APT 409, Bronx, NY 10467","299,900"
"1544 Ohm Ave, Bronx, NY 10465","665,000"
"3121 Middletown Rd APT 6K, Bronx, NY 10461","349,000"
"4 Fordham Hill Oval APT 9C, Bronx, NY 10468","249,999"
"7 Delafield Way, Bronx, NY 10471","1,699,000"
"3125 Tibbett Ave APT 6G, Bronx, NY 10463","299,000"
"4416 Monticello Ave, Bronx, NY 10466","659,000"
"1172 Fairfax Ave, Bronx, NY 10465","689,000"
"3240 Riverdale Ave APT 4G, Bronx, NY 10463","185,000"
"360 W 253rd St, Bronx, NY 10471","9,800,000"
"847 E 214th St #2, Bronx, NY 10467","689,000"
"456 E 146th St, Bronx, NY 10455","699,000"
"983 Pierce Ave, Bronx, NY 10462","685,000"
"4380 Vireo Ave APT 4B, Bronx, NY 10470","109,000"
"290 E 201st St, Bronx, NY 10458","990,000"
"2750 Olinville Ave APT 5K, Bronx, NY 10467","235,000"
"1928 Hunt Ave, Bronx, NY 10462","639,900"
"3511 Grace Ave, Bronx, NY 10466","615,000"
"240 Betts Ave, Bronx, NY 10473","185,000"
"5803 Mosholu Ave, Bronx, NY 10471","825,000"
"1629 Pelham Pkwy N, Bronx, NY 10469","729,900"
"1331 Chisholm St, Bronx, NY 10459","459,000"
"1621 Harding Park, Bronx, NY 10473","649,000"
"450 Devoe Ave, Bronx, NY 10460","479,900"
"1966 Newbold Ave APT 902, Bronx, NY 10472","170,000"
"3512 Oxford Ave APT 6D, Bronx, NY 10463","268,000"
"5 Fordham Hill Oval APT 7D, Bronx, NY 10468","165,000"
"2278 Hampden Pl, Bronx, NY 10468","525,000"
"1045 Anderson Ave APT 4E, Bronx, NY 10452","185,000"
"3015 Riverdale Ave APT 2A, Bronx, NY 10463","190,000"
"1970 E Tremont Ave APT 9F, Bronx, NY 10462","1,250,000"
"3246 Radio Dr, Bronx, NY 10465","650,000"
"1808 Patterson Ave, Bronx, NY 10473","699,000"
"5420 Netherland Ave APT B63, Bronx, NY 10471","234,900"
"2707 Netherland Ave, Bronx, NY 10463","998,900"
"1 Edgewater Park #C, Bronx, NY 10465","139,000"
"3757 Barnes Ave, Bronx, NY 10467","629,000"
"5730 Mosholu Ave APT 4F, Bronx, NY 10471","189,000"
"1591 Metropolitan Ave APT 5H, Bronx, NY 10462","264,000"
"2726 Eastchester Rd, Bronx, NY 10469","590,000"
"3265 Tierney Pl, Bronx, NY 10465","635,000"
"3103 Fairfield Ave APT 8K, Bronx, NY 10463","315,000"
"2390 Palisade Ave APT 2B, Bronx, NY 10463","409,900"
"1650 Astor Ave, Bronx, NY 10469","1,500,000"
"6114 Fieldston Rd, Bronx, NY 10471","800,000"
"539 E 148th St, Bronx, NY 10455","885,000"
"988 Adee Ave, Bronx, NY 10469","625,000"
"3928 Monticello Ave, Bronx, NY 10466","650,000"
"555 Kappock St APT 16M, Bronx, NY 10463","169,000"
"828 Gerard Ave UNIT 1H, Bronx, NY 10451","207,000"
"680-12 Delafield Way, Bronx, NY 10471","2,150,000"
"1047 E 214th St, Bronx, NY 10469","769,000"
"1159 Throgmorton Ave, Bronx, NY 10465","1,098,000"
"73 Earley St, Bronx, NY 10464","749,000"
"860 Grand Concourse APT 5G, Bronx, NY 10451","149,000"
"4401 Manhattan College Parkway, College, NY 10471","2,785,000"
"2922 Barnes Ave APT 4C, Bronx, NY 10467","165,000"
"750 Kappock St APT 1208, Bronx, NY 10463","460,000"
"4561 Richardson Ave #A, Bronx, NY 10470","649,000"
"2390 Palisade Ave APT 4F, Bronx, NY 10463","449,900"
"1591 Metropolitan Ave, Bronx, NY 10462","264,000"
"5 Fordham Hill Oval APT 8C, Bronx, NY 10468","268,000"
"601 Kappock St APT 6K, Bronx, NY 10463","390,000"
"4465 Douglas Ave APT 15L, Bronx, NY 10471","1,800,000"
"1063 Burke Ave, Bronx, NY 10469","664,000"
"2429 Matthews Ave, Bronx, NY 10467","719,000"
"555 Kappock St APT 17T, Bronx, NY 10463","345,000"
"3720 Independence Ave APT 1A, Bronx, NY 10463","299,000"
"700 Brook Ave APT 4A, Bronx, NY 10455","275,888"
"5700 Arlington Ave APT 4X, Bronx, NY 10471","365,000"
"555 Kappock St APT 25T, Bronx, NY 10463","229,000"
"3512 Oxford Ave APT L1, Bronx, NY 10463","250,000"
"1553 Unionport Rd APT 6A, Bronx, NY 10462","187,000"
"1002 Wilcox Ave, Bronx, NY 10465","799,000"
"2530 Independence Ave APT 3A, Bronx, NY 10463","190,000"
"91 E 208th St APT 5G, Bronx, NY 10467","125,000"
"218 E 179th St, Bronx, NY 10457","975,000"
"464 E 187th St #B, Bronx, NY 10458","775,000"
"3215 Arlington Ave APT 4J, Bronx, NY 10463","387,000"
"2146 Mapes Ave, Bronx, NY 10460","575,000"
"750 Kappock St APT 415, Bronx, NY 10463","495,000"
"1118 Underhill Ave, Bronx, NY 10472","819,000"
"2156 Cruger Ave APT 4C, Bronx, NY 10462","159,000"
"4901 Henry Hudson Pkwy W APT 8L, Bronx, NY 10471","239,500"
"136D Edgewater Park Park #136D, Bronx, NY 10465","275,000"
"3635 Johnson Ave APT 5N, Bronx, NY 10463","399,000"
"1033 Rev James A Polite Ave, Bronx, NY 10459","485,000"
"3135 Johnson Ave APT 5A, Bronx, NY 10463","324,900"
"2830 Briggs Ave APT 1G, Bronx, NY 10458","270,000"
"4911 Arlington Ave, Bronx, NY 10471","3,199,900"
"628 W 238th St APT 5A, Bronx, NY 10463","749,500"
"3245 Perry Ave APT 1C, Bronx, NY 10467","260,000"
"953 Elder Ave, Bronx, NY 10473","799,000"
"1443 Beach Ave, Bronx, NY 10460","985,000"
"555 Kappock St APT 12L, Bronx, NY 10463","365,000"
"1281 E 223rd St, Bronx, NY 10466","469,000"
"2805A Creston Ave #A6, Bronx, NY 10468","260,000"
"818 E 222nd St, Bronx, NY 10467","719,000"
"3245 Perry Ave APT 3G, Bronx, NY 10467","265,000"
"800 Grand Concourse APT 5HN, Bronx, NY 10451","329,000"
"3452 Ely Ave, Bronx, NY 10469","765,000"
"2493 Marion Ave, Bronx, NY 10458","529,000"
"2327 Washington Ave, Bronx, NY 10458","549,000"
"860 Grand Concourse APT 1A, Bronx, NY 10451","200,000"
"545 Vincent Ave, Bronx, NY 10465","625,000"
"800 Grand Concourse APT 2SS, Bronx, NY 10451","305,000"
"253 Revere Ave, Bronx, NY 10465","649,999"
"600 Clarence Ave APT 1H, Bronx, NY 10465","525,000"
"2861 Coddington Ave, Bronx, NY 10461","949,000"
"478 King Ave, Bronx, NY 10464","1,299,000"
"601 Kappock St APT 2M, Bronx, NY 10463","282,500"
"298 W 234th St, Bronx, NY 10463","799,999"
"2311 Ely Ave, Bronx, NY 10469","1,288,000"
"1647 C Radcliff Ave #B, Bronx, NY 10462","559,000"
"235 Brinsmade Ave, Bronx, NY 10465","570,000"
"369 E 187th St, Bronx, NY 10458","600,000"
"3300 Watt Ave, Bronx, NY 10465","1,250,000"
"4330 Matilda Ave, Bronx, NY 10466","759,999"
"2420 Morris Ave APT 4C, Bronx, NY 10468","170,000"
"8 Magnolia Pl #8, Bronx, NY 10465","450,000"
"652 Crotona Park S, Bronx, NY 10456","909,000"
"3333 Henry Hudson Pkwy #15LM, Bronx, NY 10463","995,000"
"24 Maple Ave #24, Bronx, NY 10465","449,999"
"1330 Prospect Ave, Bronx, NY 10459","775,000"
"2920 Baisley Ave, Bronx, NY 10461","559,000"
"1 Hazel Pl #1, Bronx, NY 10465","424,000"
"2550 Olinville Ave APT 13E, Bronx, NY 10467","225,000"
"2546 Bailey Ave, Bronx, NY 10463","625,000"
"1711 Astor Ave, Bronx, NY 10469","559,000"
"3457 Ely Ave, Bronx, NY 10469","499,000"
"4321 Kepler Ave, Bronx, NY 10470","650,000"
"51B Edgewater Park Park #51B, Bronx, NY 10465","357,900"
"5715 Mosholu Ave APT 4H, Bronx, NY 10471","179,000"
"1460 Parkchester Rd APT 4B, Bronx, NY 10462","295,000"
"2244 Bronx Park E APT 6A, Bronx, NY 10467","250,000"
"2533 Tenbroeck Ave, Bronx, NY 10469","639,000"
"1889 Lacombe Ave, Bronx, NY 10473","895,000"
"1259 Grant Ave APT 5H, Bronx, NY 10456","230,000"
"512 Morris Park Ave, Bronx, NY 10460","699,000"
"3000 Valentine Ave APT 2E, Bronx, NY 10458","265,000"
"820 Boynton Ave APT 8A, Bronx, NY 10473","189,000"
"3221 Middletown Rd #3G, Bronx, NY 10465","155,000"
"3536 Cambridge Ave APT 7D, Bronx, NY 10463","595,000"
"2071 Homer Ave, Bronx, NY 10473","250,000"
"1383 Plimpton Ave #3A, Bronx, NY 10452","110,000"
"1230 Boston Rd APT 29, Bronx, NY 10456","100,000"
"757 E 169th St #1E, Bronx, NY 10456","65,000"
"1383 Plimpton Ave APT 2-D, Bronx, NY 10452","144,000"
"1103 Franklin Ave APT 14, Bronx, NY 10456","87,500"
"1842 Holland Ave, Bronx, NY 10462","715,000"
"2962 Lafayette Ave, Bronx, NY 10465","675,000"
"1182 Jackson Ave, Bronx, NY 10456","950,000"
"2071 Homer Ave, Bronx, NY 10473","250,000"
"1383 Plimpton Ave #3A, Bronx, NY 10452","110,000"
"1230 Boston Rd APT 29, Bronx, NY 10456","100,000"
"757 E 169th St #1E, Bronx, NY 10456","65,000"
"1383 Plimpton Ave APT 2-D, Bronx, NY 10452","144,000"
"1103 Franklin Ave APT 14, Bronx, NY 10456","87,500"
"1842 Holland Ave, Bronx, NY 10462","715,000"
"2962 Lafayette Ave, Bronx, NY 10465","675,000"
"1182 Jackson Ave, Bronx, NY 10456","950,000"
"2071 Homer Ave, Bronx, NY 10473","250,000"
"1383 Plimpton Ave #3A, Bronx, NY 10452","110,000"
"1230 Boston Rd APT 29, Bronx, NY 10456","100,000"
"757 E 169th St #1E, Bronx, NY 10456","65,000"
"1383 Plimpton Ave APT 2-D, Bronx, NY 10452","144,000"
"1103 Franklin Ave APT 14, Bronx, NY 10456","87,500"
"1842 Holland Ave, Bronx, NY 10462","715,000"
"2962 Lafayette Ave, Bronx, NY 10465","675,000"
"1182 Jackson Ave, Bronx, NY 10456","950,000"
"2071 Homer Ave, Bronx, NY 10473","250,000"
"1383 Plimpton Ave #3A, Bronx, NY 10452","110,000"
"1230 Boston Rd APT 29, Bronx, NY 10456","100,000"
"757 E 169th St #1E, Bronx, NY 10456","65,000"
"1383 Plimpton Ave APT 2-D, Bronx, NY 10452","144,000"
"1103 Franklin Ave APT 14, Bronx, NY 10456","87,500"
"1842 Holland Ave, Bronx, NY 10462","715,000"
"2962 Lafayette Ave, Bronx, NY 10465","675,000"
"1182 Jackson Ave, Bronx, NY 10456","950,000"
"2071 Homer Ave, Bronx, NY 10473","250,000"
"1383 Plimpton Ave #3A, Bronx, NY 10452","110,000"
"1230 Boston Rd APT 29, Bronx, NY 10456","100,000"
"757 E 169th St #1E, Bronx, NY 10456","65,000"
"1383 Plimpton Ave APT 2-D, Bronx, NY 10452","144,000"
"1103 Franklin Ave APT 14, Bronx, NY 10456","87,500"
"1842 Holland Ave, Bronx, NY 10462","715,000"
"2962 Lafayette Ave, Bronx, NY 10465","675,000"
"1182 Jackson Ave, Bronx, NY 10456","950,000"
"460 N Burgher Ave, Staten Island, NY 10310","674,999"
"20 Forrestal Ct, Staten Island, NY 10312","599,000"
"17 Fairbanks Ave, Staten Island, NY 10306","598,000"
"21 Hunter St, Staten Island, NY 10304","2,800,000"
"116 Marine Way, Staten Island, NY 10306","539,000"
"174 Myrtle Ave, Staten Island, NY 10310","499,888"
"48 Millennium Loop, Staten Island, NY 10309","689,000"
"4969 Amboy Rd, Staten Island, NY 10312","845,000"
"32 Devon Pl, Staten Island, NY 10301","850,000"
"168 Moreland St, Staten Island, NY 10306","698,000"
"156 N Pine Ter, Staten Island, NY 10312","1,150,000"
"123 Roe St, Staten Island, NY 10310","199,000"
"782 Ionia Ave, Staten Island, NY 10312","999,999"
"147 Steuben St, Staten Island, NY 10304","880,000"
"0 Lockman Pl, Staten Island, NY 10303","1,500"
"50 Seneca Loop, Staten Island, NY 10314","485,000"
"1067 Rensselaer Ave, Staten Island, NY 10309","699,900"
"43 Sandywood Ln, Staten Island, NY 10309","499,000"
"86 Chapin Ave, Staten Island, NY 10304","1,148,000"
"586 Henderson Ave, Staten Island, NY 10310","599,000"
"3553 Hylan Blvd, Staten Island, NY 10308","639,000"
"218 Fairview Ave, Staten Island, NY 10314","749,000"
"47A McDivitt Ave #1, Staten Island, NY 10314","489,000"
"204 Tysens Ln, Staten Island, NY 10306","599,888"
"167 Tysens Ln, Staten Island, NY 10306","599,000"
"347 Elvin St, Staten Island, NY 10314","534,000"
"53 Vera St #B, Staten Island, NY 10305","99,750"
"4114 Richmond Ave, Staten Island, NY 10312","599,999"
"186 Flagg Pl, Staten Island, NY 10304","3,650,000"
"33 Groton St, Staten Island, NY 10312","699,000"
"207 Park St, Staten Island, NY 10306","829,000"
"24 Luigi Ct, Staten Island, NY 10306","1,288,000"
"14 Penton St, Staten Island, NY 10309","594,900"
"496 Greeley Ave, Staten Island, NY 10306","674,999"
"738 Barlow Ave, Staten Island, NY 10312","549,998"
"492 Saint George Rd, Staten Island, NY 10306","1,499,999"
"0 The Blvd, Staten Island, NY 10314","125,000"
"155 Yetman Ave, Staten Island, NY 10307","599,000"
"19 Monroe Ave, Staten Island, NY 10301","699,000"
"285 Adelaide Ave, Staten Island, NY 10306","899,999"
"351 Guyon Ave, Staten Island, NY 10306","550,000"
"6 Crown Pl, Staten Island, NY 10312","1,399,000"
"54 Quinlan Ave, Staten Island, NY 10314","609,000"
"57 Middle Loop Rd, Staten Island, NY 10308","679,000"
"78 Prospect Ave, Staten Island, NY 10301","399,000"
"27 Bruno Ln, Staten Island, NY 10307","1,199,000"
"63 Cliff St, Staten Island, NY 10305","698,000"
"4185 Amboy Rd APT 5, Staten Island, NY 10308","349,999"
"4 Benton Ave, Staten Island, NY 10305","629,000"
"39 Lynn Ct, Staten Island, NY 10314","445,000"
"83 Boylan St, Staten Island, NY 10312","679,999"
"38 Todt Hill Rd, Staten Island, NY 10314","628,000"
"107 Albion Pl, Staten Island, NY 10302","450,000"
"49 Vera St APT A, Staten Island, NY 10305","188,000"
"18 Westcott Blvd #2, Staten Island, NY 10314","1,149,000"
"287 Edinboro Rd, Staten Island, NY 10306","1,850,000"
"9 Waterside Pkwy, Staten Island, NY 10308","500,000"
"17 Erwin Ct, Staten Island, NY 10306","599,000"
"10 Malone Ave, Staten Island, NY 10306","929,900"
"56 Case Ave, Staten Island, NY 10309","679,000"
"36 Abingdon Ct, Staten Island, NY 10308","580,000"
"9 Center Pl, Staten Island, NY 10306","339,000"
"189 Pond Way #B, Staten Island, NY 10303","299,000"
"145 Hylan Blvd, Staten Island, NY 10305","638,888"
"241 Wiman Ave, Staten Island, NY 10308","644,500"
"65 Elmwood Park Dr APT 1, Staten Island, NY 10314","288,000"
"208 Sinclair Ave, Staten Island, NY 10312","929,000"
"3561 Amboy Rd, Staten Island, NY 10306","649,000"
"27 Miller St, Staten Island, NY 10314","609,000"
"50 Green Valley Rd, Staten Island, NY 10312","650,000"
"403 Manhattan St, Staten Island, NY 10307","628,888"
"36 Hamilton Ave APT 6H, Staten Island, NY 10301","289,500"
"18 Piedmont Ave, Staten Island, NY 10305","768,000"
"1100 Clove Rd APT 10N, Staten Island, NY 10301","299,000"
"20 Donna Ct APT 9, Staten Island, NY 10314","308,000"
"45 Scott Ave, Staten Island, NY 10305","674,999"
"281 Raritan Ave, Staten Island, NY 10305","898,000"
"53 Regan Ave, Staten Island, NY 10310","499,999"
"101 Duncan St, Staten Island, NY 10304","1,100,000"
"604 Main St, Staten Island, NY 10307","729,999"
"30 Hill St, Staten Island, NY 10304","448,000"
"166 Roma Ave, Staten Island, NY 10306","229,000"
"44 Girard St, Staten Island, NY 10307","485,000"
"92 Husson St APT B, Staten Island, NY 10305","199,000"
"260 Grimsby St, Staten Island, NY 10306","800,000"
"117 Piave Ave, Staten Island, NY 10305","799,000"
"123 S Railroad St, Staten Island, NY 10312","1,100,000"
"490 Lisk Ave #A, Staten Island, NY 10303","355,000"
"987 Westwood Ave, Staten Island, NY 10314","950,000"
"11B Yafa Ct #B, Staten Island, NY 10314","399,999"
"237 Jamie Ln, Staten Island, NY 10312","459,900"
"100 Colfax Ave APT 7C, Staten Island, NY 10306","285,000"
"560 Valleyview Pl, Staten Island, NY 10314","1,295,000"
"374 Arbutus Ave, Staten Island, NY 10312","1,525,000"
"0 Baden Pl, Staten Island, NY 10306","199,999"
"70 Arbutus Ave, Staten Island, NY 10312","1,575,000"
"181 Beach Ave, Staten Island, NY 10306","629,900"
"71 Rumson Rd #71, Staten Island, NY 10314","350,000"
"92 Clearmont Ave, Staten Island, NY 10309","999,000"
"47 Wheeler Ave, Staten Island, NY 10314","835,000"
"37 Minna St, Staten Island, NY 10304","819,000"
"48 Terrace Ave, Staten Island, NY 10309","1,659,000"
"114-120 Great Kills Rd, Staten Island, NY 10308","1,950,000"
"24 Lyndale Ln, Staten Island, NY 10312","508,000"
"306 Husson St, Staten Island, NY 10306","649,999"
"68 Caswell Ln, Staten Island, NY 10314","648,000"
"111 Station Ave, Staten Island, NY 10309","728,888"
"208 Timber Ridge Dr #7208, Staten Island, NY 10306","335,000"
"423 Bartlett Ave, Staten Island, NY 10312","760,000"
"212 Natick St, Staten Island, NY 10306","1,875,000"
"37 Merivale Ln, Staten Island, NY 10304","600,000"
"625 Katan Ave, Staten Island, NY 10312","585,000"
"63 Ocean Ave, Staten Island, NY 10305","635,000"
"117 Westcott Blvd, Staten Island, NY 10314","899,900"
"14 Locust Ave, Staten Island, NY 10306","985,000"
"62 Savo Ln, Staten Island, NY 10305","608,000"
"42 McArthur Ave, Staten Island, NY 10312","815,000"
"128 Barnard Ave, Staten Island, NY 10307","475,000"
"332 Saint Pauls Ave, Staten Island, NY 10304","949,000"
"603 W Fingerboard Rd, Staten Island, NY 10305","349,000"
"4 Bidwell Ave, Staten Island, NY 10314","915,000"
"110 Faber St, Staten Island, NY 10302","389,000"
"25 Susan Ct, Staten Island, NY 10304","460,000"
"138 Fairfield St, Staten Island, NY 10308","544,848"
"14 Saint Marks Pl, Staten Island, NY 10301","579,000"
"0 Larkin St, Staten Island, NY 10302","150,000"
"749 Nugent Ave, Staten Island, NY 10306","599,000"
"2 Duer Ln, Staten Island, NY 10301","550,000"
"15 Cambria St, Staten Island, NY 10305","880,000"
"235 College Ave, Staten Island, NY 10314","749,900"
"223 Gordon St, Staten Island, NY 10304",548K
"42 Targee St, Staten Island, NY 10304","365,000"
"76 Princewood Ave, Staten Island, NY 10309","709,000"
"50 Ridgefield Ave, Staten Island, NY 10304","728,000"
"278 Dewey Ave, Staten Island, NY 10308","679,000"
"3846 Amboy Rd, Staten Island, NY 10308","875,000"
"524 Tennyson Dr, Staten Island, NY 10312","579,000"
"10 Bartow St, Staten Island, NY 10306","775,000"
"118 Fahy Ave, Staten Island, NY 10314","649,888"
"12 Morningstar Rd, Staten Island, NY 10303","605,000"
"243 Ridgecrest Ave, Staten Island, NY 10312","868,000"
"23 Belmar Dr E #23, Staten Island, NY 10314","399,999"
"112 Saint George Rd, Staten Island, NY 10306","1,699,000"
"444 Stafford Ave, Staten Island, NY 10312","868,000"
"208 Brehaut Ave, Staten Island, NY 10307","1,950,000"
"28 Brighton St, Staten Island, NY 10307","1,650,000"
"105 Giffords Ln, Staten Island, NY 10308","668,000"
"34 Leona St, Staten Island, NY 10314","888,000"
"210 Myrtle Ave, Staten Island, NY 10310","659,000"
"105 Roosevelt Ave, Staten Island, NY 10314","200,000"
"40 Magnolia Ave, Staten Island, NY 10305","979,888"
"180 Jefferson Ave, Staten Island, NY 10306","868,000"
"3465 Amboy Rd APT 2A, Staten Island, NY 10306","424,999"
"201 Grasmere Dr, Staten Island, NY 10305","718,600"
"105 Seneca Ave, Staten Island, NY 10301","929,000"
"47 Country Dr E, Staten Island, NY 10314","399,000"
"88 Howton Ave, Staten Island, NY 10308","698,000"
"68 Kensington Ave, Staten Island, NY 10305","1,249,000"
"0 Overlook Ave, Staten Island, NY 10304","625,000"
"11 Sandgap St, Staten Island, NY 10312","209,000"
"92 Husson St APT C, Staten Island, NY 10305","205,000"
"75 Egbert Ave, Staten Island, NY 10310","925,000"
"281 Norway Ave, Staten Island, NY 10305","598,000"
"141 Grymes Hill Rd, Staten Island, NY 10301","1,199,000"
"402 Davis Ave, Staten Island, NY 10310","549,000"
"203 Thornycroft Ave, Staten Island, NY 10312","1,099,999"
"481 Father Capodanno Blvd #R, Staten Island, NY 10305","849,000"
"35 Arbor Ct, Staten Island, NY 10301","2,199,900"
"57 Mace St, Staten Island, NY 10306","2,400,000"
"23 Rayfield Ct, Staten Island, NY 10310","499,000"
"329 Van Name Ave, Staten Island, NY 10303","480,000"
"13 Whitwell Pl, Staten Island, NY 10304","2,199,000"
"90 Arrowood Ct #590, Staten Island, NY 10309","599,000"
"226 Ashworth Ave, Staten Island, NY 10314","569,000"
"127 Anthony St, Staten Island, NY 10309","719,000"
"115 Sherman Ave, Staten Island, NY 10301","699,999"
"24 Fairway Ave, Staten Island, NY 10304","529,000"
"134 Willow Rd W, Staten Island, NY 10303","514,000"
"43 Union Ave, Staten Island, NY 10303","449,000"
"101 Mansion Ave, Staten Island, NY 10308","1,125,000"
"460 N Burgher Ave, Staten Island, NY 10310","674,999"
"20 Forrestal Ct, Staten Island, NY 10312","599,000"
"17 Fairbanks Ave, Staten Island, NY 10306","598,000"
"21 Hunter St, Staten Island, NY 10304","2,800,000"
"116 Marine Way, Staten Island, NY 10306","539,000"
"174 Myrtle Ave, Staten Island, NY 10310","499,888"
"48 Millennium Loop, Staten Island, NY 10309","689,000"
"4969 Amboy Rd, Staten Island, NY 10312","845,000"
"32 Devon Pl, Staten Island, NY 10301","850,000"
"460 N Burgher Ave, Staten Island, NY 10310","674,999"
"20 Forrestal Ct, Staten Island, NY 10312","599,000"
"17 Fairbanks Ave, Staten Island, NY 10306","598,000"
"21 Hunter St, Staten Island, NY 10304","2,800,000"
"116 Marine Way, Staten Island, NY 10306","539,000"
"174 Myrtle Ave, Staten Island, NY 10310","499,888"
"48 Millennium Loop, Staten Island, NY 10309","689,000"
"4969 Amboy Rd, Staten Island, NY 10312","845,000"
"32 Devon Pl, Staten Island, NY 10301","850,000"
"460 N Burgher Ave, Staten Island, NY 10310","674,999"
"20 Forrestal Ct, Staten Island, NY 10312","599,000"
"17 Fairbanks Ave, Staten Island, NY 10306","598,000"
"21 Hunter St, Staten Island, NY 10304","2,800,000"
"116 Marine Way, Staten Island, NY 10306","539,000"
"174 Myrtle Ave, Staten Island, NY 10310","499,888"
"48 Millennium Loop, Staten Island, NY 10309","689,000"
"4969 Amboy Rd, Staten Island, NY 10312","845,000"
"32 Devon Pl, Staten Island, NY 10301","850,000"
"460 N Burgher Ave, Staten Island, NY 10310","674,999"
"20 Forrestal Ct, Staten Island, NY 10312","599,000"
"17 Fairbanks Ave, Staten Island, NY 10306","598,000"
"21 Hunter St, Staten Island, NY 10304","2,800,000"
"116 Marine Way, Staten Island, NY 10306","539,000"
"174 Myrtle Ave, Staten Island, NY 10310","499,888"
"48 Millennium Loop, Staten Island, NY 10309","689,000"
"4969 Amboy Rd, Staten Island, NY 10312","845,000"
"32 Devon Pl, Staten Island, NY 10301","850,000"
"460 N Burgher Ave, Staten Island, NY 10310","674,999"
"20 Forrestal Ct, Staten Island, NY 10312","599,000"
"17 Fairbanks Ave, Staten Island, NY 10306","598,000"
"21 Hunter St, Staten Island, NY 10304","2,800,000"
"116 Marine Way, Staten Island, NY 10306","539,000"
"174 Myrtle Ave, Staten Island, NY 10310","499,888"
"48 Millennium Loop, Staten Island, NY 10309","689,000"
"4969 Amboy Rd, Staten Island, NY 10312","845,000"
"32 Devon Pl, Staten Island, NY 10301","850,000"
"21525 111th Rd, Jamaica, NY 11429","370,000"
"11-42 31st Ave #3A, Astoria, NY 11106","499,000"
"10727 155th St, Jamaica, NY 11433","300,000"
"24319 144th Ave, Rosedale, NY 11422","650,000"
"22-12 119th St, College Pt, NY 11356","139,000"
"2440 160th St, Flushing, NY 11357","939,888"
"112-30 197th St, Saint Albans, NY 11412",1
"21-57 33rd St APT 4B, Astoria, NY 11105","265,000"
"4865 188th St, Flushing, NY 11365","938,888"
"82-36 261st St, Glen Oaks, NY 11004",439K
"38-14 218th St, Bayside, NY 11361","1,349,000"
"36-16 213th St APT 1A, Bayside, NY 11361","245,000"
"118-18 Union Tpke APT 14B, Kew Gardens, NY 11415","269,000"
"13976 35th Ave #P-8, Flushing, NY 11354","45,000"
"6426 72nd St, Flushing, NY 11379","829,000"
"111-24 170th St, Jamaica, NY 11433","485,000"
"84-75 127th St, Kew Gardens, NY 11415","769,000"
"122-3 111th Ave, South Ozone Park, NY 11420","699,000"
"13437 155th St, Jamaica, NY 11434","389,000"
"16203 & 05 Laburnum Ave, Flushing, NY 11358","1,190,000"
"9712 160th Ave, Jamaica, NY 11414","920,000"
"18720 Dunkirk Dr, Jamaica, NY 11412","434,900"
"8439 Goldington Ct, Flushing, NY 11379","748,000"
"114-36 173rd St #A, Jamaica, NY 11434","875,000"
"29-50 137th St #F, Flushing, NY 11354","328,888"
"4827 206th St, Flushing, NY 11364","918,000"
"3352 Utopia Pkwy, Flushing, NY 11358","949,000"
"10421 117th St, Jamaica, NY 11419","749,000"
"4817 42nd St APT 4E, Sunnyside, NY 11104","450,000"
"64-27 73rd Pl, Middle Village, NY 11379","650,000"
"11110 160th St, Jamaica, NY 11433","229,000"
"6795 Dartmouth St, Flushing, NY 11375","968,000"
"219 Beach 44 St, Far Rockaway, NY 11691","299,000"
"73-55 210th St APT 1K, Oakland Gardens, NY 11364","228,000"
"119-13 9th Ave, College Pt, NY 11356","849,000"
"62-54 97th Pl #10B, Rego Park, NY 11374","530,000"
"143 Broadway, Jamaica, NY 11414","150,000"
"23-35 Bell Blvd #2K, Bayside, NY 11360","199,000"
"113-15 34th Ave APT 6A, Corona, NY 11368","139,900"
"112-24 Northern Blvd #1H, Corona, NY 11368","160,000"
"13904 13th Ave, Flushing, NY 11357","958,888"
"111-20 199th St, Saint Albans, NY 11412","799,000"
"7237 60th Ln, Glendale, NY 11385","694,888"
"211-40 18th Ave #6F, Bayside, NY 11360","338,000"
"8935 155th Ave APT 3H, Howard Beach, NY 11414","219,000"
"68-38 138th St #A, Flushing, NY 11367","349,000"
"112-30 Northern Blvd APT 2E, Corona, NY 11368","100,000"
"132-03 Sanford Ave #3, Flushing, NY 11355","635,000"
"80-68 88th Rd, Woodhaven, NY 11421","749,000"
"39-25 51st St #4D, Woodside, NY 11377","529,000"
"10348 177th St, Jamaica, NY 11433","629,000"
"1566 212th St, Bayside, NY 11360","379,500"
"217-07 73rd Ave, Oakland Gardens, NY 11364","300,000"
"34-51 57th St, Woodside, NY 11377","1,380,000"
"127-01 107th Ave, South Richmond Hill, NY 11419","375,000"
"98-40 64th Ave APT 5H, Rego Park, NY 11374","429,000"
"42-42 Union St APT 5-C, Flushing, NY 11355","599,000"
"88-08 151st Ave APT 5D, Howard Beach, NY 11414","369,888"
"20-27 150th St, Whitestone, NY 11357","968,000"
"3517 30th St, Long Island City, NY 11106","1,195,000"
"65-27 181st St, Fresh Meadows, NY 11365","1,138,000"
"(undisclosed Address), Jamaica, NY 11434","669,000"
"1039 116th St, Flushing, NY 11356","599,999"
"85-15 Main St PENTHOUSE H, Jamaica, NY 11435","234,888"
"115-47 219th St, Cambria Heights, NY 11411","625,000"
"113-15 34th Ave #5G, Corona, NY 11368","150,000"
"7736 Main St APT 3C, Flushing, NY 11367","319,000"
"125-05 84th Ave #E6, Kew Gardens, NY 11415","219,900"
"163-33 95th St, Howard Beach, NY 11414","729,999"
"110-47 84th Ave, Richmond Hill, NY 11418","1,050,000"
"73-31 217 #11364, Oakland Gardens, NY 11364","330,000"
"191-31 Foothill Ave, Hollis, NY 11423","988,000"
"13326 Avery Ave #1B, Flushing, NY 11355","498,000"
"117-19 123rd St, South Ozone Park, NY 11420","959,000"
"9910 60th Ave APT 1H, Corona, NY 11368","308,888"
"154 Beach 119 St, Rockaway Park, NY 11694","879,000"
"14711 41st Ave, Flushing, NY 11355","799,000"
"146-79 182nd St, Springfield Gardens, NY 11413","775,000"
"10-17 Jackson Ave PENTHOUSE 7G, Long Island City, NY 11101","1,995,000"
"84-10 153rd Ave APT 4N, Howard Beach, NY 11414","111,000"
"4609 204th St, Flushing, NY 11361","1,175,000"
"117-14 Union Tpke #BB3, Kew Gardens, NY 11415","208,888"
"80-12 Astoria Blvd, East Elmhurst, NY 11370","1,375,000"
"160-11 17th Ave FLOOR 1, Whitestone, NY 11357","279,800"
"18-11 160th St #549, Whitestone, NY 11357","265,000"
"8059 88th Rd, Jamaica, NY 11421","938,000"
"18-70 211th St #4K, Bayside, NY 11360","255,000"
"94-32 133rd Ave, Ozone Park, NY 11417","575,000"
"67-04 197th St FLOOR 2, Fresh Meadows, NY 11365","243,000"
"11225 34th Ave APT 4F, Corona, NY 11368","173,000"
"26-19 141st St #4F, Flushing, NY 11354","205,000"
"23-10 100th St, East Elmhurst, NY 11369","995,000"
"118-54 221st St, Cambria Heights, NY 11411","699,000"
"105-20 66th Rd APT 6C, Forest Hills, NY 11375","205,000"
"16406 109th Ave, Jamaica, NY 11433","369,000"
"84-40 153rd Ave APT 3J, Howard Beach, NY 11414","215,000"
"251-29 71st Rd #48A, Bellerose, NY 11426","219,000"
"89-41 97th St, Woodhaven, NY 11421","988,000"
"8451 Beverly Rd APT 5C, Kew Gardens, NY 11415","215,000"
"15902 Grand Central Pkwy, Jamaica, NY 11432","830,000"
"94-40 Magnolia Ct #2A, Ozone Park, NY 11417","495,000"
"18024 Grand Central Pkwy, Jamaica, NY 11432","4,190,000"
"8882 192nd St, Jamaica, NY 11423","1,498,000"
"155-12 33rd Ave, Flushing, NY 11354","1,399,000"
"8450 169th St APT 401, Jamaica, NY 11432","288,000"
"14595 179th St, Jamaica, NY 11434","350,000"
"243-56 144th Ave, Rosedale, NY 11422","960,000"
"144-12 Village Rd #63-C, Jamaica, NY 11435","428,888"
"3344 93rd St APT 3N, Jackson Heights, NY 11372","349,000"
"150-62 Village Rd #102GA, Jamaica, NY 11432","245,000"
"158-17 95th St, Howard Beach, NY 11414","1,049,000"
"31-90 140th St APT 1L, Flushing, NY 11354","238,000"
"214-23 Hillside Ave #23-A, Queens Village, NY 11427","309,900"
"224-07 Manor Rd, Queens Village, NY 11427","272,000"
"64-10 Cooper Ave #2FAMM, Ridgewood, NY 11385","948,888"
"13035 120th St, Jamaica, NY 11420","825,000"
"52-21 65th Pl APT 6K, Maspeth, NY 11378","335,000"
"21-47 33rd St APT 1G, Astoria, NY 11105","199,998"
"114-32 158th St, Jamaica, NY 11434","580,000"
"14614 Linden Blvd, Jamaica, NY 11436","799,000"
"182-30 143rd Ave, Springfield Gardens, NY 11413","649,000"
"3225 88th St, East Elmhurst, NY 11369","258,000"
"80-31 264th St, Glen Oaks, NY 11004","834,000"
"6902 Alderton St, Flushing, NY 11374","968,000"
"119-37 237th St, Cambria Heights, NY 11411","525,000"
"62-11 79th St, Middle Village, NY 11379","838,000"
"225 Park Ln, Douglaston, NY 11363","3,799,000"
"64-00 Saunders St #4G, Rego Park, NY 11374","339,000"
"26-16 Union St #6A, Flushing, NY 11354","238,000"
"14-33 31st Ave #3M, Astoria, NY 11106","789,000"
"3420 Parsons Blvd, Flushing, NY 11354","458,000"
"94-11 59th Ave APT D12, Elmhurst, NY 11373","179,000"
"11811 222nd St, Jamaica, NY 11411","620,000"
"147-21 258th St, Rosedale, NY 11422","549,999"
"65-23 223rd Pl #A, Oakland Gardens, NY 11364","278,000"
"42-28 214th Pl #1B, Bayside, NY 11361","489,000"
"18-05 215th St APT 10S, Bayside, NY 11360","439,000"
"32-20 89th St #E409, Jackson Heights, NY 11372","290,000"
"474 48th Ave #2D, Long Island City, NY 11109","588,888"
"23-50 79th St, East Elmhurst, NY 11370","1,049,000"
"182-15 144th Ave, Springfield Gardens, NY 11413","749,000"
"61-40 84th Pl, Middle Village, NY 11379","945,000"
"17-76 166th St #4-170, Whitestone, NY 11357","268,500"
"48-46 41st St, Sunnyside, NY 11104","1,499,998"
"116-18 168th St, Jamaica, NY 11434","559,000"
"77-20 Austin St #6-D, Forest Hills, NY 11375","319,000"
"13-36 Robin Ln #70U, Bayside, NY 11360","775,000"
"13965 86th Ave, Jamaica, NY 11435","659,000"
"149-32 Union Tpke #24E, Jamaica, NY 11435","145,000"
"117 Park Ln S #A2L, Kew Gardens, NY 11415","312,000"
"152-14 12th Ave, Whitestone, NY 11357","1,060,000"
"90-59 56th Ave #2K, Elmhurst, NY 11373","614,888"
"49-32 Annadale Ln, Little Neck, NY 11362","1,350,000"
"1040 Neilson St APT 6F, Far Rockaway, NY 11691","135,000"
"51-34 30th Ave APT 4L, Woodside, NY 11377","315,000"
"61-15 97th St #15P, Queens, NY 11374","290,000"
"65-29 223rd Pl #A, Oakland Gardens, NY 11364","359,000"
"6914 41st Ave APT 302, Flushing, NY 11377","599,000"
"21050 41st Ave APT 2G, Flushing, NY 11361","315,000"
"63-14 Queens Blvd #6P, Woodside, NY 11377","678,000"
"1830 Madison St, Ridgewood, NY 11385","1,199,000"
"16029 76th Rd, Flushing, NY 11366","986,000"
"82-49 61st Rd, Middle Village, NY 11379","829,000"
"14-11 31st Ave #1A, Astoria, NY 11106","358,000"
"67-25 Clyde St #6F, Forest Hills, NY 11375","425,000"
"7285 Calamus Ave, Flushing, NY 11377","774,999"
"99-60 63rd Rd #9U, Rego Park, NY 11374","269,000"
"84-20 153rd Ave #4K, Howard Beach, NY 11414","239,000"
"135-34 234th St, Rosedale, NY 11422","769,000"
"49-17 170th St, Fresh Meadows, NY 11365","929,000"
"111-50 75th Rd #42, Forest Hills, NY 11375","335,888"
"7-04 166th St APT 8B, Whitestone, NY 11357","328,000"
"210-15 23rd Ave #1B, Bayside, NY 11360","268,000"
"75-51 188th St, Fresh Meadows, NY 11366","1,150,000"
"117-01 225th St, Cambria Heights, NY 11411","535,000"
"104-20 68th Dr #B12, Forest Hills, NY 11375","709,000"
"43-10 44th St #3E, Sunnyside, NY 11104","295,000"
"7021 Calamus Ave, Flushing, NY 11377","1,149,000"
"129-31-135 Place, South Ozone Park, NY 11420","529,000"
"77-14 66th Rd, Middle Village, NY 11379","798,888"
"21525 111th Rd, Jamaica, NY 11429","370,000"
"11-42 31st Ave #3A, Astoria, NY 11106","499,000"
"10727 155th St, Jamaica, NY 11433","300,000"
"24319 144th Ave, Rosedale, NY 11422","650,000"
"22-12 119th St, College Pt, NY 11356","139,000"
"2440 160th St, Flushing, NY 11357","939,888"
"112-30 197th St, Saint Albans, NY 11412",1
"21-57 33rd St APT 4B, Astoria, NY 11105","265,000"
"4865 188th St, Flushing, NY 11365","938,888"
"21525 111th Rd, Jamaica, NY 11429","370,000"
"11-42 31st Ave #3A, Astoria, NY 11106","499,000"
"10727 155th St, Jamaica, NY 11433","300,000"
"24319 144th Ave, Rosedale, NY 11422","650,000"
"22-12 119th St, College Pt, NY 11356","139,000"
"2440 160th St, Flushing, NY 11357","939,888"
"112-30 197th St, Saint Albans, NY 11412",1
"21-57 33rd St APT 4B, Astoria, NY 11105","265,000"
"4865 188th St, Flushing, NY 11365","938,888"
"21525 111th Rd, Jamaica, NY 11429","370,000"
"11-42 31st Ave #3A, Astoria, NY 11106","499,000"
"10727 155th St, Jamaica, NY 11433","300,000"
"24319 144th Ave, Rosedale, NY 11422","650,000"
"22-12 119th St, College Pt, NY 11356","139,000"
"2440 160th St, Flushing, NY 11357","939,888"
"112-30 197th St, Saint Albans, NY 11412",1
"21-57 33rd St APT 4B, Astoria, NY 11105","265,000"
"4865 188th St, Flushing, NY 11365","938,888"
"21525 111th Rd, Jamaica, NY 11429","370,000"
"11-42 31st Ave #3A, Astoria, NY 11106","499,000"
"10727 155th St, Jamaica, NY 11433","300,000"
"24319 144th Ave, Rosedale, NY 11422","650,000"
"22-12 119th St, College Pt, NY 11356","139,000"
"2440 160th St, Flushing, NY 11357","939,888"
"112-30 197th St, Saint Albans, NY 11412",1
"21-57 33rd St APT 4B, Astoria, NY 11105","265,000"
"4865 188th St, Flushing, NY 11365","938,888"
"21525 111th Rd, Jamaica, NY 11429","370,000"
"11-42 31st Ave #3A, Astoria, NY 11106","499,000"
"10727 155th St, Jamaica, NY 11433","300,000"
"24319 144th Ave, Rosedale, NY 11422","650,000"
"22-12 119th St, College Pt, NY 11356","139,000"
"2440 160th St, Flushing, NY 11357","939,888"
"112-30 197th St, Saint Albans, NY 11412",1
"21-57 33rd St APT 4B, Astoria, NY 11105","265,000"
"4865 188th St, Flushing, NY 11365","938,888"
